Date,Tournament,Finish Pos. ,1st ,2nd ,3rd ,4th ,5th ,Total Score ,Position thru Rnd. 1 ,Position thru Rnd. 2 ,Position thru Rnd. 3 ,Position thru Rnd. 4 ,Position thru Rnd. 5 ,Low Round ,Low 36 ,Low 54 ,Low 72 ,Low 90 ,High Round ,60s ,65 & Under ,Shots Off Lead - Final Rnd. 
1/29/17,Farmers Insurance Open ,CUT ,76 (+4) ,72 (E) ,0,0,0,148 (+4) ,T133 ,T110 , CUT , CUT ,    ,72,148, , , ,76,0,0,999
12/4/16,(*) Hero World Challenge ,15,73 (+1) ,65 (-7) ,70 (-2) ,76 (+4) ,0,284 (-4) ,17,  T9 ,10,15,    ,65,138,208,284, ,76,1,1,11
8/23/15,Wyndham Championship ,T10 ,64 (-6) ,65 (-5) ,68 (-2) ,70 (E) ,0,267 (-13) ,  T7 ,  T1 ,  T2 , T10 ,    ,64,129,197,267, ,70,3,2,2
8/16/15,PGA Championship ,CUT ,75 (+3) ,73 (+1) ,0,0,0,148 (+4) , T86 , T90 , CUT , CUT ,    ,73,148, , , ,75,0,0,999
8/2/15,Quicken Loans National ,T18 ,68 (-3) ,66 (-5) ,74 (+3) ,68 (-3) ,0,276 (-8) , T27 ,  T5 , T42 , T18 ,    ,66,134,208,276, ,74,3,0,9
7/19/15,The Open Championship ,CUT ,76 (+4) ,75 (+3) ,0,0,0,151 (+7) ,T139 ,T147 , CUT , CUT ,    ,75,151, , , ,76,0,0,999
7/5/15,The Greenbrier Classic ,T32 ,66 (-4) ,69 (-1) ,71 (+1) ,67 (-3) ,0,273 (-7) , T12 , T26 , T47 , T32 ,    ,66,135,206,273, ,71,3,0,7
6/21/15,U.S. Open ,CUT ,80 (+10) ,76 (+6) ,0,0,0,156 (+16) ,T152 ,T150 , CUT , CUT ,    ,76,156, , , ,80,0,0,999
6/7/15,the Memorial Tournament ,71,73 (+1) ,70 (-2) ,85 (+13) ,74 (+2) ,0,302 (+14) , T85 , T64 ,71,71,    ,70,143,228,302, ,85,0,0,27
5/10/15,THE PLAYERS Championship ,T69 ,73 (+1) ,71 (-1) ,75 (+3) ,72 (E) ,0,291 (+3) , T77 , T61 , T68 , T69 ,    ,71,144,219,291, ,75,0,0,13
4/12/15,Masters Tournament ,T17 ,73 (+1) ,69 (-3) ,68 (-4) ,73 (+1) ,0,283 (-5) , T41 , T19 ,  T5 , T17 ,    ,68,142,210,283, ,73,2,0,10
2/8/15,Farmers Insurance Open ,W/D ,0,0,0,0,0,0, W/D , W/D , W/D , W/D ,    , , , , , , ,0,0,999
2/1/15,Waste Management Phoenix ,CUT ,73 (+2) ,82 (+11) ,0,0,0,155 (+13) ,T105 ,T130 , CUT , CUT ,    ,73,155, , , ,82,0,0,999
12/7/14,(*) Hero World Challenge ,T17 ,77 (+5) ,70 (-2) ,69 (-3) ,72 (E) ,0,288 (E) ,18,18,18, T17 ,    ,69,147,216,288, ,77,1,0,20
8/10/14,PGA Championship ,CUT ,74 (+3) ,74 (+3) ,0,0,0,148 (+6) ,T109 ,T117 , CUT , CUT ,    ,74,148, , , ,74,0,0,999
8/3/14,WGC-Bridgestone Invit'l ,W/D ,68 (-2) ,71 (+1) ,72 (+2) ,0,0,211 (+1) ,  T9 , T25 , T36 , W/D ,    ,68,139,211, , ,72,1,0,999
7/20/14,The Open Championship ,69,69 (-3) ,77 (+5) ,73 (+1) ,75 (+3) ,0,294 (+6) , T10 , T56 , T58 ,69,    ,69,146,219,294, ,77,1,0,19
6/29/14,Quicken Loans National ,CUT ,74 (+3) ,75 (+4) ,0,0,0,149 (+7) , T83 ,T103 , CUT , CUT ,    ,74,149, , , ,75,0,0,999
3/9/14,WGC-Cadillac Championship ,T25 ,76 (+4) ,73 (+1) ,66 (-6) ,78 (+6) ,0,293 (+5) , T53 , T25 ,  T4 , T25 ,    ,66,149,215,293, ,78,1,0,3
3/2/14,The Honda Classic ,W/D ,71 (+1) ,69 (-1) ,65 (-5) ,0,0,205 (-5) , T81 , T66 , T17 , W/D ,    ,65,140,205, , ,71,2,1,999
1/26/14,Farmers Insurance Open ,T80 ,72 (E) ,71 (-1) ,79 (+7) ,0,0,222 (+6) , T63 , T50 , T80 ,    ,    ,71,143,222, , ,79,0,0,14
12/8/13,(*) World Challenge ,2,71 (-1) ,62 (-10) ,72 (E) ,70 (-2) ,0,275 (-13) ,5,1,1,  T2 ,    ,62,133,205,275, ,72,1,1,0
10/6/13,(*) Presidents Cup ,1,0,0,0,0,0,0,    ,    ,    ,    ,    , , , , , , ,0,0,999
9/22/13,TOUR Championship ,T22 ,73 (+3) ,71 (+1) ,69 (-1) ,67 (-3) ,0,280 (E) ,29, T26 , T26 , T22 ,    ,67,144,213,280, ,73,2,0,14
9/15/13,BMW Championship ,T11 ,66 (-5) ,72 (+1) ,66 (-5) ,71 (E) ,0,275 (-9) ,  T3 , T13 ,5, T11 ,    ,66,138,204,275, ,72,2,0,4
9/2/13,Deutsche Bank Champ ,T65 ,68 (-3) ,67 (-4) ,72 (+1) ,73 (+2) ,0,280 (-4) , T34 , T20 , T47 , T65 ,    ,67,135,207,280, ,73,2,0,13
8/25/13,The Barclays ,T2 ,67 (-4) ,69 (-2) ,69 (-2) ,69 (-2) ,0,274 (-10) ,  T7 ,  T8 ,  T4 ,  T2 ,    ,67,136,205,274, ,69,4,0,4
8/11/13,PGA Championship ,T40 ,71 (+1) ,70 (E) ,73 (+3) ,70 (E) ,0,284 (+4) , T50 , T38 , T48 , T40 ,    ,70,141,214,284, ,73,0,0,13
8/4/13,WGC-Bridgestone Invit'l ,1,66 (-4) ,61 (-9) ,68 (-2) ,70 (E) ,0,265 (-15) ,  T3 ,1,1,1,    ,61,127,195,265, ,70,3,1,0
7/21/13,The Open Championship ,T6 ,69 (-2) ,71 (E) ,72 (+1) ,74 (+3) ,0,286 (+2) ,  T9 ,  T2 ,  T2 ,  T6 ,    ,69,140,212,286, ,74,1,0,2
6/16/13,U.S. Open ,T32 ,73 (+3) ,70 (E) ,76 (+6) ,74 (+4) ,0,293 (+13) , T46 , T13 , T31 , T32 ,    ,70,143,219,293, ,76,0,0,10
6/2/13,the Memorial Tournament ,T65 ,71 (-1) ,74 (+2) ,79 (+7) ,72 (E) ,0,296 (+8) , T27 , T43 , T69 , T65 ,    ,71,145,224,296, ,79,0,0,16
5/12/13,THE PLAYERS Championship ,1,67 (-5) ,67 (-5) ,71 (-1) ,70 (-2) ,0,275 (-13) ,  T4 ,2,  T1 ,1,    ,67,134,205,275, ,71,2,0,0
4/14/13,Masters Tournament ,T4 ,70 (-2) ,73 (+1) ,70 (-2) ,70 (-2) ,0,283 (-5) , T13 , T19 ,  T7 ,  T4 ,    ,70,143,213,283, ,73,0,0,4
3/26/13,(*) Tavistock Cup ,T1 ,0,0,0,0,0,0,    ,    ,    ,    ,    , , , , , , ,0,0,0
3/24/13,Arnold Palmer Invt'l ,1,69 (-3) ,70 (-2) ,66 (-6) ,70 (-2) ,0,275 (-13) ,  T5 ,  T7 ,1,1,    ,66,139,205,275, ,70,2,0,0
3/10/13,WGC-Cadillac Championship ,1,66 (-6) ,65 (-7) ,67 (-5) ,71 (-1) ,0,269 (-19) ,  T1 ,1,1,1,    ,65,131,198,269, ,71,3,1,0
3/3/13,The Honda Classic ,T37 ,70 (E) ,70 (E) ,70 (E) ,74 (+4) ,0,284 (+4) , T61 , T65 , T32 , T37 ,    ,70,140,210,284, ,74,0,0,8
2/24/13,WGC-Accenture Match Play ,T33 ,0,0,0,0,0,0,    ,    ,    ,    ,    , , , , , , ,0,0,999
1/27/13,Farmers Insurance Open ,1,68 (-4) ,65 (-7) ,69 (-3) ,72 (E) ,0,274 (-14) , T20 ,1,1,1,    ,65,133,202,274, ,72,3,1,0
12/2/12,(*) World Challenge ,T4 ,70 (-2) ,69 (-3) ,69 (-3) ,71 (-1) ,0,279 (-9) ,  T5 ,5,  T3 ,  T4 ,    ,69,139,208,279, ,71,2,0,5
10/28/12,(*) CIMB Classic ,T4 ,66 (-5) ,67 (-4) ,69 (-2) ,63 (-8) ,0,265 (-19) ,  T7 ,  T5 , T10 ,  T4 ,    ,63,133,202,265, ,69,4,1,5
9/30/12,(*) Ryder Cup , ,0,0,0,0,0,0,    ,    ,    ,    ,    , , , , , , ,0,0,999
9/23/12,TOUR Championship ,T8 ,66 (-4) ,73 (+3) ,67 (-3) ,72 (+2) ,0,278 (-2) ,  T1 , T12 ,  T7 ,  T8 ,    ,66,139,206,278, ,73,2,0,4
9/9/12,BMW Championship ,T4 ,65 (-7) ,67 (-5) ,71 (-1) ,68 (-4) ,0,271 (-17) ,  T5 ,  T2 ,8,  T4 ,    ,65,132,203,271, ,71,3,1,3
9/3/12,Deutsche Bank Champ ,3,64 (-7) ,68 (-3) ,68 (-3) ,66 (-5) ,0,266 (-18) ,  T3 ,  T3 ,  T3 ,3,    ,64,132,200,266, ,68,4,1,6
8/26/12,The Barclays ,T38 ,68 (-3) ,69 (-2) ,72 (+1) ,76 (+5) ,0,285 (+1) , T14 ,  T7 , T10 , T38 ,    ,68,137,209,285, ,76,2,0,6
8/12/12,PGA Championship ,T11 ,69 (-3) ,71 (-1) ,74 (+2) ,72 (E) ,0,286 (-2) , T14 ,  T1 ,  T6 , T11 ,    ,69,140,214,286, ,74,1,0,5
8/5/12,WGC-Bridgestone Invit'l ,T8 ,70 (E) ,72 (+2) ,68 (-2) ,66 (-4) ,0,276 (-4) , T31 , T44 , T24 ,  T8 ,    ,66,142,210,276, ,72,2,0,11
7/22/12,The Open Championship ,T3 ,67 (-3) ,67 (-3) ,70 (E) ,73 (+3) ,0,277 (-3) ,  T6 ,3,4,  T3 ,    ,67,134,204,277, ,73,2,0,5
7/8/12,The Greenbrier Classic ,CUT ,71 (+1) ,69 (-1) ,0,0,0,140 (E) , T88 , T78 , CUT , CUT ,    ,69,140, , , ,71,1,0,999
7/1/12,AT&T National ,1,72 (+1) ,68 (-3) ,67 (-4) ,69 (-2) ,0,276 (-8) , T30 , T11 ,  T2 ,1,    ,67,140,207,276, ,72,3,0,1
6/17/12,U.S. Open ,T21 ,69 (-1) ,70 (E) ,75 (+5) ,73 (+3) ,0,287 (+7) ,  T2 ,  T1 , T14 , T21 ,    ,69,139,214,287, ,75,1,0,5
6/3/12,the Memorial Tournament ,1,70 (-2) ,69 (-3) ,73 (+1) ,67 (-5) ,0,279 (-9) , T11 ,  T2 ,4,1,    ,67,139,212,279, ,73,2,0,4
5/13/12,THE PLAYERS Championship ,T40 ,74 (+2) ,68 (-4) ,72 (E) ,73 (+1) ,0,287 (-1) ,T100 , T30 , T34 , T40 ,    ,68,142,214,287, ,74,1,0,10
5/6/12,Wells Fargo Championship ,CUT ,71 (-1) ,73 (+1) ,0,0,0,144 (E) , T56 , T75 , CUT , CUT ,    ,71,144, , , ,73,0,0,999
4/8/12,Masters Tournament ,T40 ,72 (E) ,75 (+3) ,72 (E) ,74 (+2) ,0,293 (+5) , T29 , T40 , T38 , T40 ,    ,72,147,219,293, ,75,0,0,12
3/25/12,Arnold Palmer Invt'l ,1,69 (-3) ,65 (-7) ,71 (-1) ,70 (-2) ,0,275 (-13) ,  T4 ,  T1 ,1,1,    ,65,134,205,275, ,71,2,1,0
3/20/12,(*) Tavistock Cup ,T4 ,0,0,0,0,0,0,    ,    ,    ,    ,    , , , , , , ,0,0,0
3/11/12,WGC-Cadillac Championship ,W/D ,72 (E) ,67 (-5) ,68 (-4) ,0,0,207 (-9) , T25 , T15 ,  T8 , W/D ,    ,67,139,207, , ,72,2,0,999
3/4/12,The Honda Classic ,T2 ,71 (+1) ,68 (-2) ,69 (-1) ,62 (-8) ,0,270 (-10) , T67 , T31 , T18 ,  T2 ,    ,62,139,208,270, ,71,3,1,9
2/26/12,WGC-Accenture Match Play ,T17 ,0,0,0,0,0,0,    ,    ,    ,    ,    , , , , , , ,0,0,999
2/12/12,AT&T Pebble Beach ,T15 ,68 (-4) ,68 (-2) ,67 (-5) ,75 (+3) ,0,278 (-8) , T15 , T17 ,3, T15 ,    ,67,136,203,278, ,75,3,0,4
12/4/11,(*) Chevron World Challenge ,1,69 (-3) ,67 (-5) ,73 (+1) ,69 (-3) ,0,278 (-10) ,  T2 ,1,2,1,    ,67,136,209,278, ,73,3,0,1
11/20/11,(*) Presidents Cup ,1,0,0,0,0,0,0,    ,    ,    ,    ,    , , , , , , ,0,0,999
10/9/11,Frys.com Open ,T30 ,73 (+2) ,68 (-3) ,68 (-3) ,68 (-3) ,0,277 (-7) , T86 , T41 , T38 , T30 ,    ,68,141,209,277, ,73,3,0,9
8/14/11,PGA Championship ,CUT ,77 (+7) ,73 (+3) ,0,0,0,150 (+10) ,T129 ,T116 , CUT , CUT ,    ,73,150, , , ,77,0,0,999
8/7/11,WGC-Bridgestone Invit'l ,T37 ,68 (-2) ,71 (+1) ,72 (+2) ,70 (E) ,0,281 (+1) , T18 , T36 , T38 , T37 ,    ,68,139,211,281, ,72,1,0,13
5/15/11,THE PLAYERS Championship ,W/D ,0,0,0,0,0,0, W/D , W/D , W/D , W/D ,    , , , , , , ,0,0,999
4/10/11,Masters Tournament ,T4 ,71 (-1) ,66 (-6) ,74 (+2) ,67 (-5) ,0,278 (-10) , T24 ,  T3 ,  T9 ,  T4 ,    ,66,137,211,278, ,74,2,0,7
3/27/11,Arnold Palmer Invt'l ,T24 ,73 (+1) ,68 (-4) ,74 (+2) ,72 (E) ,0,287 (-1) , T31 , T10 , T29 , T24 ,    ,68,141,215,287, ,74,1,0,10
3/15/11,(*) Tavistock Cup ,T2 ,0,0,0,0,0,0,    ,    ,    ,    ,    , , , , , , ,0,0,0
3/13/11,WGC-Cadillac Championship ,T10 ,70 (-2) ,74 (+2) ,70 (-2) ,66 (-6) ,0,280 (-8) , T25 , T34 , T30 , T10 ,    ,66,144,214,280, ,74,1,0,11
2/27/11,WGC-Accenture Match Play ,T33 ,0,0,0,0,0,0,    ,    ,    ,    ,    , , , , , , ,0,0,999
1/30/11,Farmers Insurance Open ,T44 ,69 (-3) ,69 (-3) ,74 (+2) ,75 (+3) ,0,287 (-1) , T22 , T12 , T24 , T44 ,    ,69,138,212,287, ,75,2,0,8
12/5/10,(*) Chevron World Challenge ,2,65 (-7) ,66 (-6) ,68 (-4) ,73 (+1) ,0,272 (-16) ,1,1,1,2,    ,65,131,199,272, ,73,3,1,0
11/7/10,(*) WGC-HSBC Champions ,T6 ,68 (-4) ,72 (E) ,73 (+1) ,68 (-4) ,0,281 (-7) ,  T6 ,  T9 , T17 ,  T6 ,    ,68,140,213,281, ,73,2,0,11
10/3/10,(*) Ryder Cup , ,0,0,0,0,0,0,    ,    ,    ,    ,    , , , , , , ,0,0,999
9/12/10,BMW Championship ,T15 ,73 (+2) ,72 (+1) ,68 (-3) ,70 (-1) ,0,283 (-1) , T45 , T40 , T22 , T15 ,    ,68,145,213,283, ,73,1,0,8
9/6/10,Deutsche Bank Champ ,T11 ,72 (+1) ,65 (-6) ,69 (-2) ,68 (-3) ,0,274 (-10) , T87 , T29 , T23 , T11 ,    ,65,137,206,274, ,72,3,1,10
8/29/10,The Barclays ,T12 ,65 (-6) ,73 (+2) ,72 (+1) ,67 (-4) ,0,277 (-7) ,  T1 , T14 , T28 , T12 ,    ,65,138,210,277, ,73,2,1,9
8/15/10,PGA Championship ,T28 ,71 (-1) ,70 (-2) ,72 (E) ,73 (+1) ,0,286 (-2) , T22 , T21 , T31 , T28 ,    ,70,141,213,286, ,73,0,0,10
8/8/10,WGC-Bridgestone Invit'l ,T78 ,74 (+4) ,72 (+2) ,75 (+5) ,77 (+7) ,0,298 (+18) , T70 , T72 ,78, T78 ,    ,72,146,221,298, ,77,0,0,20
7/18/10,The Open Championship ,T23 ,67 (-5) ,73 (+1) ,73 (+1) ,72 (E) ,0,285 (-3) ,  T8 , T14 , T18 , T23 ,    ,67,140,213,285, ,73,1,0,12
7/4/10,AT&T National ,T46 ,73 (+3) ,70 (E) ,70 (E) ,71 (+1) ,0,284 (+4) , T81 , T64 , T47 , T46 ,    ,70,143,213,284, ,73,0,0,13
6/20/10,U.S. Open Championship ,T4 ,74 (+3) ,72 (+1) ,66 (-5) ,75 (+4) ,0,287 (+3) , T47 , T25 ,3,  T4 ,    ,66,146,212,287, ,75,1,0,5
6/6/10,the Memorial Tournament ,T19 ,72 (E) ,69 (-3) ,69 (-3) ,72 (E) ,0,282 (-6) , T49 , T25 , T20 , T19 ,    ,69,141,210,282, ,72,2,0,10
5/9/10,THE PLAYERS Championship ,W/D ,70 (-2) ,71 (-1) ,71 (-1) ,0,0,212 (-4) , T37 , T46 , T45 , W/D ,    ,70,141,212, , ,71,0,0,999
5/2/10,Quail Hollow Championship ,CUT ,74 (+2) ,79 (+7) ,0,0,0,153 (+9) , T88 ,T140 , CUT , CUT ,    ,74,153, , , ,79,0,0,999
4/11/10,Masters Tournament ,T4 ,68 (-4) ,70 (-2) ,70 (-2) ,69 (-3) ,0,277 (-11) ,  T7 ,  T3 ,  T3 ,  T4 ,    ,68,138,208,277, ,70,2,0,4
11/8/09,(*) WGC-HSBC Champions ,T6 ,67 (-5) ,67 (-5) ,70 (-2) ,72 (E) ,0,276 (-12) ,  T5 ,  T1 ,  T2 ,  T6 ,    ,67,134,204,276, ,72,2,0,2
10/11/09,(*) Presidents Cup , ,0,0,0,0,0,0,    ,    ,    ,    ,    , , , , , , ,0,0,999
9/27/09,THE TOUR Championship ,2,67 (-3) ,68 (-2) ,69 (-1) ,70 (E) ,0,274 (-6) ,  T2 ,1,2,2,    ,67,135,204,274, ,70,3,0,2
9/13/09,BMW Championship ,1,68 (-3) ,67 (-4) ,62 (-9) ,68 (-3) ,0,265 (-19) ,  T5 ,  T1 ,1,1,    ,62,135,197,265, ,68,4,1,0
9/7/09,Deutsche Bank Champ ,T11 ,70 (-1) ,67 (-4) ,72 (+1) ,63 (-8) ,0,272 (-12) , T48 , T28 , T30 , T11 ,    ,63,137,209,272, ,72,2,1,9
8/30/09,The Barclays ,T2 ,70 (-1) ,72 (+1) ,67 (-4) ,67 (-4) ,0,276 (-8) , T27 , T17 ,  T7 ,  T2 ,    ,67,142,209,276, ,72,2,0,5
8/16/09,PGA Championship ,2,67 (-5) ,70 (-2) ,71 (-1) ,75 (+3) ,0,283 (-5) ,1,1,1,2,    ,67,137,208,283, ,75,1,0,0
8/9/09,WGC-Bridgestone Invit'l ,1,68 (-2) ,70 (E) ,65 (-5) ,65 (-5) ,0,268 (-12) ,  T8 , T13 ,2,1,    ,65,138,203,268, ,70,3,2,3
8/2/09,Buick Open ,1,71 (-1) ,63 (-9) ,65 (-7) ,69 (-3) ,0,268 (-20) , T95 ,  T5 ,1,1,    ,63,134,199,268, ,71,3,2,0
7/19/09,The Open Championship ,CUT ,71 (+1) ,74 (+4) ,0,0,0,145 (+5) , T68 , T74 , CUT , CUT ,    ,71,145, , , ,74,0,0,999
7/5/09,AT&T National ,1,64 (-6) ,66 (-4) ,70 (E) ,67 (-3) ,0,267 (-13) ,  T2 ,1,  T1 ,1,    ,64,130,200,267, ,70,3,1,0
6/21/09,U.S. Open Championship ,T6 ,74 (+4) ,69 (-1) ,68 (-2) ,69 (-1) ,0,280 (E) , T81 , T41 , T15 ,  T6 ,    ,68,143,211,280, ,74,3,0,9
6/7/09,the Memorial Tournament ,1,69 (-3) ,74 (+2) ,68 (-4) ,65 (-7) ,0,276 (-12) ,  T9 , T24 ,  T7 ,1,    ,65,143,211,276, ,74,3,1,4
5/10/09,THE PLAYERS Championship ,8,71 (-1) ,69 (-3) ,70 (-2) ,73 (+1) ,0,283 (-5) , T38 , T22 ,  T2 ,8,    ,69,140,210,283, ,73,1,0,5
5/3/09,Quail Hollow Championship ,4,65 (-7) ,72 (E) ,70 (-2) ,72 (E) ,0,279 (-9) ,1,  T3 ,  T2 ,4,    ,65,137,207,279, ,72,1,1,2
4/12/09,Masters Tournament ,T6 ,70 (-2) ,72 (E) ,70 (-2) ,68 (-4) ,0,280 (-8) , T20 , T19 , T10 ,  T6 ,    ,68,142,212,280, ,72,1,0,7
3/29/09,Arnold Palmer Invt'l ,1,68 (-2) ,69 (-1) ,71 (+1) ,67 (-3) ,0,275 (-5) , T10 ,5,2,1,    ,67,137,208,275, ,71,3,0,5
3/17/09,(*) Tavistock Cup , ,0,0,0,0,0,0,    ,    ,    ,    ,    , , , , , , ,0,0,0
3/15/09,WGC-CA Championship ,T9 ,71 (-1) ,70 (-2) ,68 (-4) ,68 (-4) ,0,277 (-11) , T40 , T35 , T19 ,  T9 ,    ,68,141,209,277, ,71,2,0,9
3/1/09,WGC-Accenture Match Play ,T17 ,0,0,0,0,0,0,    ,    ,    ,    ,    , , , , , , ,0,0,999
1/11/09,Mercedes-Benz Champ ,DNS ,0,0,0,0,0,0,    ,    ,    ,    ,    , , , , , , ,0,0,999
9/7/08,BMW Championship ,DNS ,0,0,0,0,0,0,    ,    ,    ,    ,    , , , , , , ,0,0,999
8/3/08,WGC-Bridgestone Invit'l ,DNS ,0,0,0,0,0,0,    ,    ,    ,    ,    , , , , , , ,0,0,999
6/15/08,U.S. Open Championship ,1,72 (+1) ,68 (-3) ,70 (-1) ,73 (+2) ,0,283 (-1) , T19 ,  T2 ,1,1,    ,68,140,210,283, ,73,1,0,0
4/13/08,Masters Tournament ,2,72 (E) ,71 (-1) ,68 (-4) ,72 (E) ,0,283 (-5) , T19 , T13 ,5,2,    ,68,143,211,283, ,72,1,0,6
3/25/08,(*) Tavistock Cup ,T1 ,0,0,0,0,0,0,    ,    ,    ,    ,    , , , , , , ,0,0,0
3/23/08,WGC-CA Championship ,5,67 (-5) ,66 (-6) ,72 (E) ,68 (-4) ,0,273 (-15) ,  T4 ,2,  T7 ,5,    ,66,133,205,273, ,72,3,0,5
3/16/08,Arnold Palmer Invt'l ,1,70 (E) ,68 (-2) ,66 (-4) ,66 (-4) ,0,270 (-10) , T34 , T20 ,  T1 ,1,    ,66,138,204,270, ,70,3,0,0
2/24/08,WGC-Accenture Match Play ,1,0,0,0,0,0,0,    ,    ,    ,    ,    , , , , , , ,0,0,999
1/27/08,Buick Invitational ,1,67 (-5) ,65 (-7) ,66 (-6) ,71 (-1) ,0,269 (-19) ,  T3 ,1,1,1,    ,65,132,198,269, ,71,3,1,0
12/16/07,(*) Target World Challenge ,1,69 (-3) ,62 (-10) ,67 (-5) ,68 (-4) ,0,266 (-22) ,  T2 ,1,1,1,    ,62,131,198,266, ,69,4,1,0
9/30/07,(*) Presidents Cup , ,0,0,0,0,0,0,    ,    ,    ,    ,    , , , , , , ,0,0,999
9/16/07,THE TOUR Championship ,1,64 (-6) ,63 (-7) ,64 (-6) ,66 (-4) ,0,257 (-23) ,  T3 ,1,1,1,    ,63,127,191,257, ,66,4,3,0
9/9/07,BMW Championship ,1,67 (-4) ,67 (-4) ,65 (-6) ,63 (-8) ,0,262 (-22) ,  T7 ,  T3 ,3,1,    ,63,134,199,262, ,67,4,2,1
9/3/07,Deutsche Bank Champ ,T2 ,72 (+1) ,64 (-7) ,67 (-4) ,67 (-4) ,0,270 (-14) , T73 , T13 ,  T4 ,  T2 ,    ,64,136,203,270, ,72,3,1,3
8/12/07,PGA Championship ,1,71 (+1) ,63 (-7) ,69 (-1) ,69 (-1) ,0,272 (-8) , T23 ,1,1,1,    ,63,134,203,272, ,71,3,1,0
8/5/07,WGC-Bridgestone Invit'l ,1,68 (-2) ,70 (E) ,69 (-1) ,65 (-5) ,0,272 (-8) ,  T4 ,  T3 ,2,1,    ,65,138,207,272, ,70,3,1,1
7/22/07,The Open Championship ,T12 ,69 (-2) ,74 (+3) ,69 (-2) ,70 (-1) ,0,282 (-2) ,  T8 , T20 , T15 , T12 ,    ,69,143,212,282, ,74,2,0,8
7/8/07,AT&T National ,T6 ,73 (+3) ,66 (-4) ,69 (-1) ,70 (E) ,0,278 (-2) , T77 , T12 ,  T8 ,  T6 ,    ,66,139,208,278, ,73,2,0,7
6/17/07,U.S. Open Championship ,T2 ,71 (+1) ,74 (+4) ,69 (-1) ,72 (+2) ,0,286 (+6) ,  T5 , T13 ,2,  T2 ,    ,69,145,214,286, ,74,1,0,2
6/3/07,the Memorial Tournament ,T15 ,70 (-2) ,72 (E) ,70 (-2) ,67 (-5) ,0,279 (-9) , T30 , T32 , T33 , T15 ,    ,67,142,212,279, ,72,1,0,11
5/13/07,THE PLAYERS Championship ,T37 ,75 (+3) ,73 (+1) ,73 (+1) ,67 (-5) ,0,288 (E) , T58 , T59 , T64 , T37 ,    ,67,148,221,288, ,75,1,0,14
5/6/07,Wachovia Championship ,1,70 (-2) ,68 (-4) ,68 (-4) ,69 (-3) ,0,275 (-13) , T15 ,  T1 ,2,1,    ,68,138,206,275, ,70,3,0,1
4/8/07,Masters Tournament ,T2 ,73 (+1) ,74 (+2) ,72 (E) ,72 (E) ,0,291 (+3) , T15 , T15 ,  T2 ,  T2 ,    ,72,147,219,291, ,74,0,0,1
3/25/07,WGC-CA Championship ,1,71 (-1) ,66 (-6) ,68 (-4) ,73 (+1) ,0,278 (-10) , T10 ,1,1,1,    ,66,137,205,278, ,73,2,0,0
3/18/07,Arnold Palmer Invt'l ,T22 ,64 (-6) ,73 (+3) ,70 (E) ,76 (+6) ,0,283 (+3) ,  T1 , T13 , T10 , T22 ,    ,64,137,207,283, ,76,1,1,5
2/25/07,WGC-Accenture Match Play ,T9 ,0,0,0,0,0,0,    ,    ,    ,    ,    , , , , , , ,0,0,999
1/28/07,Buick Invitational ,1,66 (-6) ,72 (E) ,69 (-3) ,66 (-6) ,0,273 (-15) , T14 , T12 ,  T4 ,1,    ,66,138,207,273, ,72,3,0,2
12/17/06,(*) Target World Challenge ,1,68 (-4) ,68 (-4) ,70 (-2) ,66 (-6) ,0,272 (-16) ,  T2 ,1,  T2 ,1,    ,66,136,206,272, ,70,3,0,1
10/1/06,WGC-American Express ,1,63 (-8) ,64 (-7) ,67 (-4) ,67 (-4) ,0,261 (-23) ,1,1,1,1,    ,63,127,194,261, ,67,4,2,0
9/24/06,(*) Ryder Cup , ,0,0,0,0,0,0,    ,    ,    ,    ,    , , , , , , ,0,0,999
9/4/06,Deutsche Bank Champ ,1,66 (-5) ,72 (+1) ,67 (-4) ,63 (-8) ,0,268 (-16) ,1,  T3 ,  T2 ,1,    ,63,138,205,268, ,72,3,1,3
8/27/06,WGC-Bridgestone Invit'l ,1,67 (-3) ,64 (-6) ,71 (+1) ,68 (-2) ,0,270 (-10) ,  T4 ,1,  T2 ,1,    ,64,131,202,270, ,71,3,1,1
8/20/06,PGA Championship ,1,69 (-3) ,68 (-4) ,65 (-7) ,68 (-4) ,0,270 (-18) , T10 ,  T5 ,  T1 ,1,    ,65,137,202,270, ,69,4,1,0
8/6/06,Buick Open ,1,66 (-6) ,66 (-6) ,66 (-6) ,66 (-6) ,0,264 (-24) ,  T6 ,2,1,1,    ,66,132,198,264, ,66,4,0,0
7/23/06,The Open Championship ,1,67 (-5) ,65 (-7) ,71 (-1) ,67 (-5) ,0,270 (-18) ,  T2 ,1,1,1,    ,65,132,203,270, ,71,3,1,0
7/9/06,Cialis Western Open ,T2 ,72 (+1) ,67 (-4) ,66 (-5) ,68 (-3) ,0,273 (-11) , T82 , T35 ,  T7 ,  T2 ,    ,66,139,205,273, ,72,3,0,3
6/18/06,U.S. Open Championship ,CUT ,76 (+6) ,76 (+6) ,0,0,0,152 (+12) , T68 , T82 , CUT , CUT ,    ,76,152, , , ,76,0,0,999
4/9/06,Masters Tournament ,T3 ,72 (E) ,71 (-1) ,71 (-1) ,70 (-2) ,0,284 (-4) , T19 , T10 ,  T4 ,  T3 ,    ,70,143,214,284, ,72,0,0,2
3/26/06,THE PLAYERS Championship ,T22 ,72 (E) ,69 (-3) ,73 (+1) ,75 (+3) ,0,289 (+1) , T67 , T20 , T23 , T22 ,    ,69,141,214,289, ,75,1,0,7
3/19/06,Bay Hill Invitational ,T20 ,70 (-2) ,71 (-1) ,71 (-1) ,72 (E) ,0,284 (-4) , T23 , T25 , T30 , T20 ,    ,70,141,212,284, ,72,0,0,10
3/5/06,Ford Championship @ Doral ,1,64 (-8) ,67 (-5) ,68 (-4) ,69 (-3) ,0,268 (-20) ,1,  T1 ,1,1,    ,64,131,199,268, ,69,4,1,0
2/26/06,WGC-Accenture Match Play ,T9 ,0,0,0,0,0,0,    ,    ,    ,    ,    , , , , , , ,0,0,999
2/19/06,Nissan Open ,W/D ,69 (-2) ,74 (+3) ,0,0,0,143 (+1) , T31 , T69 , W/D , W/D ,    ,69,143, , , ,74,1,0,999
1/29/06,Buick Invitational ,1,71 (-1) ,68 (-4) ,67 (-5) ,72 (E) ,0,278 (-10) , T57 , T22 ,  T3 ,1,    ,67,139,206,278, ,72,2,0,1
12/11/05,(*) Target World Challenge ,T14 ,72 (E) ,72 (E) ,69 (-3) ,73 (+1) ,0,286 (-2) ,  T8 ,14, T10 , T14 ,    ,69,144,213,286, ,73,1,0,11
11/27/05,(*) Merrill Lynch Skins Game ,2,0,0,0,0,0,0,    ,    ,    ,    ,    , , , , , , ,0,0,0
11/6/05,THE TOUR Championship ,2,66 (-4) ,67 (-3) ,67 (-3) ,69 (-1) ,0,269 (-11) ,  T4 ,  T3 ,3,2,    ,66,133,200,269, ,69,4,0,4
10/23/05,FUNAI Classic-Disney ,CUT ,68 (-4) ,73 (+1) ,0,0,0,141 (-3) , T44 ,T103 , CUT , CUT ,    ,68,141, , , ,73,1,0,999
10/9/05,WGC-American Express ,1,67 (-3) ,68 (-2) ,68 (-2) ,67 (-3) ,0,270 (-10) ,  T2 ,  T4 ,  T3 ,1,    ,67,135,203,270, ,68,4,0,2
9/25/05,(*) Presidents Cup , ,0,0,0,0,0,0,    ,    ,    ,    ,    , , , , , , ,0,0,999
9/5/05,Deutsche Bank Champ ,T40 ,65 (-6) ,73 (+2) ,72 (+1) ,71 (E) ,0,281 (-3) ,1, T28 , T41 , T40 ,    ,65,138,210,281, ,73,1,1,7
8/21/05,WGC-NEC Invitational ,1,66 (-4) ,70 (E) ,67 (-3) ,71 (+1) ,0,274 (-6) ,  T1 ,  T1 ,  T1 ,1,    ,66,136,203,274, ,71,2,0,0
8/14/05,PGA Championship ,T4 ,75 (+5) ,69 (-1) ,66 (-4) ,68 (-2) ,0,278 (-2) ,T113 , T62 , T20 ,  T4 ,    ,66,144,210,278, ,75,3,0,6
7/31/05,Buick Open ,T2 ,71 (-1) ,61 (-11) ,70 (-2) ,66 (-6) ,0,268 (-20) , T68 ,2,  T4 ,  T2 ,    ,61,132,202,268, ,71,2,1,8
7/17/05,The Open Championship ,1,66 (-6) ,67 (-5) ,71 (-1) ,70 (-2) ,0,274 (-14) ,1,1,1,1,    ,66,133,204,274, ,71,2,0,0
7/3/05,Cialis Western Open ,2,73 (+2) ,66 (-5) ,67 (-4) ,66 (-5) ,0,272 (-12) ,T103 , T17 ,  T4 ,2,    ,66,139,206,272, ,73,3,0,5
6/19/05,U.S. Open Championship ,2,70 (E) ,71 (+1) ,72 (+2) ,69 (-1) ,0,282 (+2) , T10 , T10 ,  T7 ,2,    ,69,141,213,282, ,72,1,0,6
6/5/05,the Memorial Tournament ,T3 ,69 (-3) ,68 (-4) ,71 (-1) ,68 (-4) ,0,276 (-12) , T13 ,  T2 , T10 ,  T3 ,    ,68,137,208,276, ,71,3,0,4
5/15/05,EDS Byron Nelson Champ ,CUT ,69 (-1) ,72 (+2) ,0,0,0,141 (+1) , T42 , T77 , CUT , CUT ,    ,69,141, , , ,72,1,0,999
5/8/05,Wachovia Championship ,T11 ,70 (-2) ,72 (E) ,73 (+1) ,71 (-1) ,0,286 (-2) , T10 , T13 , T17 , T11 ,    ,70,142,215,286, ,73,0,0,11
4/10/05,Masters Tournament ,1,74 (+2) ,66 (-6) ,65 (-7) ,71 (-1) ,0,276 (-12) , T33 ,3,1,1,    ,65,140,205,276, ,74,2,1,0
3/27/05,THE PLAYERS Championship ,T53 ,70 (-2) ,73 (+1) ,75 (+3) ,75 (+3) ,0,293 (+5) , T30 , T64 , T71 , T53 ,    ,70,143,218,293, ,75,0,0,14
3/20/05,Bay Hill Invitational ,T23 ,71 (-1) ,70 (-2) ,74 (+2) ,72 (E) ,0,287 (-1) , T13 ,  T7 , T26 , T23 ,    ,70,141,215,287, ,74,0,0,9
3/6/05,Ford Championship @ Doral ,1,65 (-7) ,70 (-2) ,63 (-9) ,66 (-6) ,0,264 (-24) ,  T5 ,  T5 ,2,1,    ,63,135,198,264, ,70,3,2,2
2/27/05,WGC-Accenture Match Play ,T17 ,0,0,0,0,0,0,    ,    ,    ,    ,    , , , , , , ,0,0,999
2/20/05,Nissan Open ,T13 ,67 (-4) ,70 (-1) ,0,0,0,137 (-5) ,  T5 , T13 ,    ,    ,    ,67,137, , , ,70,1,0,2
1/23/05,Buick Invitational ,1,69 (-3) ,63 (-9) ,72 (E) ,68 (-4) ,0,272 (-16) , T35 ,  T2 ,5,1,    ,63,132,204,272, ,72,3,1,2
1/9/05,Mercedes Championships ,T3 ,68 (-5) ,68 (-5) ,69 (-4) ,68 (-5) ,0,273 (-19) ,  T3 ,  T6 ,7,  T3 ,    ,68,136,205,273, ,69,4,0,5
12/12/04,(*) Target World Challenge ,1,67 (-4) ,66 (-5) ,69 (-2) ,66 (-5) ,0,268 (-16) ,  T1 ,  T1 ,  T2 ,1,    ,66,133,202,268, ,69,4,0,2
11/28/04,(*) Merrill Lynch Skins Game ,2,0,0,0,0,0,0,    ,    ,    ,    ,    , , , , , , ,0,0,0
11/7/04,THE TOUR Championship ,2,72 (+2) ,64 (-6) ,65 (-5) ,72 (+2) ,0,273 (-7) , T19 ,  T3 ,  T1 ,2,    ,64,136,201,273, ,72,2,2,0
10/3/04,WGC-American Express ,9,68 (-4) ,70 (-2) ,70 (-2) ,70 (-2) ,0,278 (-10) ,  T8 ,  T9 ,  T8 ,9,    ,68,138,208,278, ,70,1,0,7
9/19/04,(*) Ryder Cup , ,0,0,0,0,0,0,    ,    ,    ,    ,    , , , , , , ,0,0,999
9/6/04,Deutsche Bank Champ ,T2 ,65 (-6) ,68 (-3) ,69 (-2) ,69 (-2) ,0,271 (-13) ,  T1 ,  T2 ,2,  T2 ,    ,65,133,202,271, ,69,4,1,3
8/22/04,WGC-NEC Invitational ,T2 ,68 (-2) ,66 (-4) ,70 (E) ,69 (-1) ,0,273 (-7) ,  T5 ,  T2 ,  T2 ,  T2 ,    ,66,134,204,273, ,70,3,0,5
8/15/04,PGA Championship ,T24 ,75 (+3) ,69 (-3) ,69 (-3) ,73 (+1) ,0,286 (-2) ,T104 , T44 , T25 , T24 ,    ,69,144,213,286, ,75,2,0,9
8/1/04,Buick Open ,T3 ,67 (-5) ,68 (-4) ,66 (-6) ,66 (-6) ,0,267 (-21) ,  T9 ,  T8 ,  T3 ,  T3 ,    ,66,135,201,267, ,68,4,0,3
7/18/04,The Open Championship ,T9 ,70 (-1) ,71 (E) ,68 (-3) ,72 (+1) ,0,281 (-3) , T26 , T17 ,  T7 ,  T9 ,    ,68,141,209,281, ,72,1,0,4
7/4/04,Cialis Western Open ,T7 ,70 (-1) ,73 (+2) ,65 (-6) ,71 (E) ,0,279 (-5) , T36 , T50 ,  T6 ,  T7 ,    ,65,143,208,279, ,73,1,1,4
6/20/04,U.S. Open Championship ,T17 ,72 (+2) ,69 (-1) ,73 (+3) ,76 (+6) ,0,290 (+10) , T40 , T18 , T19 , T17 ,    ,69,141,214,290, ,76,1,0,9
6/6/04,the Memorial Tournament ,3,72 (E) ,68 (-4) ,67 (-5) ,69 (-3) ,0,276 (-12) , T39 ,8,  T5 ,3,    ,67,140,207,276, ,72,3,0,3
5/16/04,EDS Byron Nelson Champ ,T4 ,65 (-5) ,67 (-3) ,70 (E) ,69 (-1) ,0,271 (-9) ,  T3 ,1,  T3 ,  T4 ,    ,65,132,202,271, ,70,3,1,3
5/9/04,Wachovia Championship ,T3 ,69 (-3) ,66 (-6) ,75 (+3) ,68 (-4) ,0,278 (-10) , T16 ,1, T11 ,  T3 ,    ,66,135,210,278, ,75,3,0,5
4/11/04,Masters Tournament ,T22 ,75 (+3) ,69 (-3) ,75 (+3) ,71 (-1) ,0,290 (+2) , T44 , T14 , T20 , T22 ,    ,69,144,219,290, ,75,1,0,9
3/28/04,THE PLAYERS Championship ,T16 ,75 (+3) ,69 (-3) ,68 (-4) ,73 (+1) ,0,285 (-3) ,T108 , T44 , T16 , T16 ,    ,68,144,212,285, ,75,2,0,6
3/21/04,Bay Hill Invitational ,T46 ,67 (-5) ,74 (+2) ,74 (+2) ,73 (+1) ,0,288 (E) ,  T4 , T27 , T46 , T46 ,    ,67,141,215,288, ,74,1,0,15
2/29/04,WGC-Accenture Match Play ,1,0,0,0,0,0,0,    ,    ,    ,    ,    , , , , , , ,0,0,999
2/22/04,Nissan Open ,T7 ,72 (+1) ,66 (-5) ,72 (+1) ,64 (-7) ,0,274 (-10) , T77 , T38 , T44 ,  T7 ,    ,64,138,210,274, ,72,2,1,14
2/15/04,Buick Invitational ,T10 ,71 (-1) ,68 (-4) ,72 (E) ,69 (-3) ,0,280 (-8) , T63 , T21 , T21 , T10 ,    ,68,139,211,280, ,72,2,0,8
1/11/04,Mercedes Championships ,T4 ,71 (-2) ,70 (-3) ,65 (-8) ,71 (-2) ,0,277 (-15) , T17 ,  T8 ,5,  T4 ,    ,65,141,206,277, ,71,1,1,7
12/14/03,(*) Target World Challenge ,2,71 (-1) ,71 (-1) ,72 (E) ,65 (-7) ,0,279 (-9) ,  T2 ,  T2 ,  T6 ,2,    ,65,142,214,279, ,72,1,1,9
11/23/03,(*) Presidents Cup , ,0,0,0,0,0,0,    ,    ,    ,    ,    , , , , , , ,0,0,999
11/9/03,THE TOUR Championship ,26,70 (-1) ,70 (-1) ,71 (E) ,74 (+3) ,0,285 (+1) , T13 , T12 , T15 ,26,    ,70,140,211,285, ,74,0,0,11
10/26/03,FUNAI Classic-Disney ,T2 ,66 (-6) ,67 (-5) ,71 (-1) ,65 (-7) ,0,269 (-19) ,  T8 ,11, T14 ,  T2 ,    ,65,133,204,269, ,71,3,1,6
10/5/03,WGC-American Express ,1,67 (-3) ,66 (-4) ,69 (-1) ,72 (+2) ,0,274 (-6) ,  T4 ,1,1,1,    ,66,133,202,274, ,72,3,0,0
9/1/03,Deutsche Bank Champ ,T7 ,70 (-1) ,69 (-2) ,67 (-4) ,67 (-4) ,0,273 (-11) , T31 , T24 , T11 ,  T7 ,    ,67,139,206,273, ,70,3,0,8
8/24/03,WGC-NEC Invitational ,T4 ,65 (-5) ,72 (+2) ,67 (-3) ,70 (E) ,0,274 (-6) ,  T3 ,  T9 ,  T4 ,  T4 ,    ,65,137,204,274, ,72,2,1,3
8/17/03,PGA Championship ,T39 ,74 (+4) ,72 (+2) ,73 (+3) ,73 (+3) ,0,292 (+12) , T58 , T39 , T43 , T39 ,    ,72,146,219,292, ,74,0,0,13
8/3/03,Buick Open ,T2 ,69 (-3) ,65 (-7) ,69 (-3) ,66 (-6) ,0,269 (-19) , T28 ,  T4 ,  T8 ,  T2 ,    ,65,134,203,269, ,69,4,1,4
7/20/03,The Open Championship ,T4 ,73 (+2) ,72 (+1) ,69 (-2) ,71 (E) ,0,285 (+1) , T19 , T11 ,  T3 ,  T4 ,    ,69,145,214,285, ,73,1,0,2
7/6/03,100th Western Open ,1,63 (-9) ,70 (-2) ,65 (-7) ,69 (-3) ,0,267 (-21) ,1,1,1,1,    ,63,133,198,267, ,70,3,2,0
6/22/03,Buick Classic ,T13 ,67 (-4) ,69 (-2) ,71 (E) ,70 (-1) ,0,277 (-7) ,  T4 ,  T5 , T14 , T13 ,    ,67,136,207,277, ,71,2,0,3
6/15/03,U.S. Open Championship ,T20 ,70 (E) ,66 (-4) ,75 (+5) ,72 (+2) ,0,283 (+3) , T25 ,  T5 , T24 , T20 ,    ,66,136,211,283, ,75,1,0,11
6/1/03,the Memorial Tournament ,T4 ,67 (-5) ,71 (-1) ,76 (+4) ,65 (-7) ,0,279 (-9) ,  T4 ,  T7 , T16 ,  T4 ,    ,65,138,214,279, ,76,2,1,11
4/13/03,Masters Tournament ,T15 ,76 (+4) ,73 (+1) ,66 (-6) ,75 (+3) ,0,290 (+2) , T42 , T43 ,  T5 , T15 ,    ,66,149,215,290, ,76,1,0,4
3/30/03,THE PLAYERS Championship ,T11 ,72 (E) ,70 (-2) ,68 (-4) ,72 (E) ,0,282 (-6) , T44 , T30 , T12 , T11 ,    ,68,142,210,282, ,72,1,0,5
3/23/03,Bay Hill Invitational ,1,70 (-2) ,65 (-7) ,66 (-6) ,68 (-4) ,0,269 (-19) ,  T7 ,1,1,1,    ,65,135,201,269, ,70,3,1,0
3/2/03,WGC-Accenture Match Play ,1,0,0,0,0,0,0,    ,    ,    ,    ,    , , , , , , ,0,0,999
2/23/03,Nissan Open ,T5 ,72 (+1) ,68 (-3) ,73 (+2) ,65 (-6) ,0,278 (-6) , T24 , T10 , T28 ,  T5 ,    ,65,140,213,278, ,73,2,1,11
2/16/03,Buick Invitational ,1,70 (-2) ,66 (-6) ,68 (-4) ,68 (-4) ,0,272 (-16) , T37 ,  T8 ,1,1,    ,66,136,204,272, ,70,3,0,0
1/12/03,Mercedes Championships ,DNS ,0,0,0,0,0,0,    ,    ,    ,    ,    , , , , , , ,0,0,999
12/8/02,(*) Target World Challenge ,2,68 (-4) ,65 (-7) ,70 (-2) ,67 (-5) ,0,270 (-18) ,  T8 ,1,2,2,    ,65,133,203,270, ,70,3,1,6
12/1/02,(*) Skins Game ,4,0,0,0,0,0,0,    ,    ,    ,    ,    , , , , , , ,0,0,0
11/3/02,THE TOUR Championship ,T7 ,71 (+1) ,68 (-2) ,67 (-3) ,70 (E) ,0,276 (-4) , T15 ,  T9 ,  T3 ,  T7 ,    ,67,139,206,276, ,71,2,0,5
10/20/02,Disney Golf Classic ,3,66 (-6) ,69 (-3) ,67 (-5) ,63 (-9) ,0,265 (-23) , T12 , T23 , T13 ,3,    ,63,135,202,265, ,69,4,1,6
9/29/02,(*) Ryder Cup , ,0,0,0,0,0,0,    ,    ,    ,    ,    , , , , , , ,0,0,999
9/22/02,WGC-American Express ,1,65 (-7) ,65 (-7) ,67 (-5) ,66 (-6) ,0,263 (-25) ,1,1,1,1,    ,65,130,197,263, ,67,4,2,0
8/25/02,WGC-NEC Invitational ,4,68 (-3) ,70 (-1) ,67 (-4) ,68 (-3) ,0,273 (-11) ,  T9 , T17 ,  T4 ,4,    ,67,138,205,273, ,70,3,0,2
8/18/02,PGA Championship ,2,71 (-1) ,69 (-3) ,72 (E) ,67 (-5) ,0,279 (-9) , T11 ,  T6 ,  T4 ,2,    ,67,140,212,279, ,72,2,0,5
8/11/02,Buick Open ,1,67 (-5) ,63 (-9) ,71 (-1) ,70 (-2) ,0,271 (-17) ,  T4 ,1,1,1,    ,63,130,201,271, ,71,2,1,0
7/21/02,The Open Championship ,T28 ,70 (-1) ,68 (-3) ,81 (+10) ,65 (-6) ,0,284 (E) , T23 ,  T9 , T67 , T28 ,    ,65,138,219,284, ,81,2,1,11
6/16/02,U.S. Open Championship ,1,67 (-3) ,68 (-2) ,70 (E) ,72 (+2) ,0,277 (-3) ,1,1,1,1,    ,67,135,205,277, ,72,2,0,0
5/26/02,Memorial Tournament ,T22 ,74 (+2) ,70 (-2) ,72 (E) ,66 (-6) ,0,282 (-6) , T57 , T47 , T56 , T22 ,    ,66,144,216,282, ,74,1,0,12
5/12/02,Verizon Byron Nelson ,3,71 (+1) ,65 (-5) ,69 (-1) ,65 (-5) ,0,270 (-10) , T96 , T25 , T13 ,3,    ,65,136,205,270, ,71,3,2,7
4/14/02,Masters Tournament ,1,70 (-2) ,69 (-3) ,66 (-6) ,71 (-1) ,0,276 (-12) ,  T7 ,  T4 ,  T1 ,1,    ,66,139,205,276, ,71,2,0,0
3/24/02,THE PLAYERS Championship ,T14 ,71 (-1) ,72 (E) ,70 (-2) ,74 (+2) ,0,287 (-1) , T27 , T24 , T10 , T14 ,    ,70,143,213,287, ,74,0,0,6
3/17/02,Bay Hill Invitational ,1,67 (-5) ,65 (-7) ,74 (+2) ,69 (-3) ,0,275 (-13) ,  T1 ,1,1,1,    ,65,132,206,275, ,74,3,1,0
3/3/02,Genuity Championship ,2,67 (-5) ,70 (-2) ,70 (-2) ,66 (-6) ,0,273 (-15) ,  T6 ,  T3 ,  T2 ,2,    ,66,137,207,273, ,70,2,0,8
2/24/02,WGC-Accenture Match Play ,T33 ,0,0,0,0,0,0,    ,    ,    ,    ,    , , , , , , ,0,0,999
2/10/02,Buick Invitational ,T5 ,66 (-6) ,77 (+5) ,69 (-3) ,66 (-6) ,0,278 (-10) ,  T4 , T69 , T20 ,  T5 ,    ,66,143,212,278, ,77,3,0,6
2/3/02,AT&T Pebble Beach ,T12 ,70 (-2) ,73 (+1) ,71 (-1) ,68 (-4) ,0,282 (-6) , T26 , T48 , T35 , T12 ,    ,68,143,214,282, ,73,1,0,13
1/6/02,Mercedes Championships ,T10 ,68 (-5) ,74 (+1) ,74 (+1) ,65 (-8) ,0,281 (-11) ,  T8 , T18 ,16, T10 ,    ,65,142,216,281, ,74,2,1,10
12/16/01,(*) Williams World Challenge ,1,68 (-4) ,67 (-5) ,74 (+2) ,64 (-8) ,0,273 (-15) ,  T3 ,2,2,1,    ,64,135,209,273, ,74,3,1,4
11/25/01,(*) Skins Game ,T2 ,0,0,0,0,0,0,    ,    ,    ,    ,    , , , , , , ,0,0,0
11/18/01,(*) WGC-EMC World Cup ,T2 ,66 (-6) ,68 (-4) ,63 (-9) ,67 (-5) ,0,264 (-24) , T21 ,  T7 ,  T3 ,  T2 ,    ,63,134,197,264, ,68,4,1,3
11/4/01,THE TOUR Championship ,T13 ,70 (-1) ,67 (-4) ,69 (-2) ,70 (-1) ,0,276 (-8) , T13 ,  T7 , T13 , T13 ,    ,67,137,206,276, ,70,2,0,6
10/21/01,National Car at Disney ,T16 ,69 (-3) ,67 (-5) ,67 (-5) ,69 (-3) ,0,272 (-16) , T31 , T15 , T10 , T16 ,    ,67,136,203,272, ,69,4,0,6
9/16/01,(*) WGC-American Express ,CNL ,0,0,0,0,0,0,    ,    ,    ,    ,    , , , , , , ,0,0,999
9/9/01,Bell Canadian Open ,T23 ,65 (-5) ,73 (+3) ,69 (-1) ,69 (-1) ,0,276 (-4) ,  T1 , T28 , T29 , T23 ,    ,65,138,207,276, ,73,3,1,8
8/26/01,WGC-NEC Invitational ,1,66 (-4) ,67 (-3) ,66 (-4) ,69 (-1) ,0,268 (-12) ,  T3 ,  T2 ,2,1,    ,66,133,199,268, ,69,4,0,2
8/19/01,PGA Championship ,T29 ,73 (+3) ,67 (-3) ,69 (-1) ,70 (E) ,0,279 (-1) ,T100 , T57 , T32 , T29 ,    ,67,140,209,279, ,73,2,0,13
7/22/01,The Open Championship ,T25 ,71 (E) ,68 (-3) ,73 (+2) ,71 (E) ,0,283 (-1) , T34 ,  T9 , T28 , T25 ,    ,68,139,212,283, ,73,1,0,5
7/8/01,Advil Western Open ,T20 ,73 (+1) ,68 (-4) ,68 (-4) ,71 (-1) ,0,280 (-8) , T92 , T26 ,  T9 , T20 ,    ,68,141,209,280, ,73,2,0,7
6/24/01,Buick Classic ,T16 ,75 (+4) ,66 (-5) ,68 (-3) ,71 (E) ,0,280 (-4) ,T118 , T30 , T12 , T16 ,    ,66,141,209,280, ,75,2,0,8
6/17/01,U.S. Open Championship ,T12 ,74 (+4) ,71 (+1) ,69 (-1) ,69 (-1) ,0,283 (+3) , T63 , T43 , T23 , T12 ,    ,69,145,214,283, ,74,2,0,9
6/3/01,Memorial Tournament ,1,68 (-4) ,69 (-3) ,68 (-4) ,66 (-6) ,0,271 (-17) ,  T5 ,  T3 ,2,1,    ,66,137,205,271, ,69,4,0,1
5/13/01,Verizon Byron Nelson ,T3 ,66 (-4) ,68 (-2) ,69 (-1) ,63 (-7) ,0,266 (-14) ,  T9 , T10 , T23 ,  T3 ,    ,63,134,203,266, ,69,4,1,6
4/8/01,Masters Tournament ,1,70 (-2) ,66 (-6) ,68 (-4) ,68 (-4) ,0,272 (-16) , T15 ,  T2 ,1,1,    ,66,136,204,272, ,70,3,0,0
3/25/01,THE PLAYERS Championship ,1,72 (E) ,69 (-3) ,66 (-6) ,67 (-5) ,0,274 (-14) , T37 ,  T8 ,  T2 ,1,    ,66,141,207,274, ,72,3,0,2
3/18/01,Bay Hill Invitational ,1,71 (-1) ,67 (-5) ,66 (-6) ,69 (-3) ,0,273 (-15) , T35 ,  T7 ,1,1,    ,66,138,204,273, ,71,3,0,0
2/25/01,Nissan Open ,T13 ,71 (E) ,68 (-3) ,69 (-2) ,71 (E) ,0,279 (-5) , T59 , T29 ,  T9 , T13 ,    ,68,139,208,279, ,71,2,0,5
2/11/01,Buick Invitational ,4,70 (-2) ,67 (-5) ,67 (-5) ,67 (-5) ,0,271 (-17) , T48 , T19 ,  T7 ,4,    ,67,137,204,271, ,70,3,0,2
2/4/01,AT&T Pebble Beach ,T13 ,66 (-6) ,73 (+1) ,69 (-3) ,72 (E) ,0,280 (-8) ,  T4 , T20 , T11 , T13 ,    ,66,139,208,280, ,73,2,0,6
1/28/01,Phoenix Open ,T5 ,65 (-6) ,73 (+2) ,68 (-3) ,65 (-6) ,0,271 (-13) ,  T4 , T33 , T10 ,  T5 ,    ,65,138,206,271, ,73,3,2,17
1/14/01,Mercedes Championships ,T8 ,70 (-3) ,73 (E) ,68 (-5) ,69 (-4) ,0,280 (-12) ,  T8 , T18 , T15 ,  T8 ,    ,68,143,211,280, ,73,2,0,8
12/10/00,(*) WGC-EMC World Cup ,T1 ,61 (-11) ,65 (-7) ,60 (-12) ,68 (-4) ,0,254 (-34) ,  T9 ,  T5 ,  T1 ,1,    ,60,126,186,254, ,68,4,3,0
12/3/00,(*) Williams World Challenge ,2,68,64,67,69,0,268,  T4 ,3,2,2,    ,64,132,199,268, ,69,4,1,1
11/12/00,WGC-American Express ,T5 ,71 (-1) ,69 (-3) ,69 (-3) ,72 (E) ,0,281 (-7) , T19 ,  T6 ,  T4 ,  T5 ,    ,69,140,209,281, ,72,2,0,2
11/5/00,THE TOUR Championship ,2,68 (-2) ,66 (-4) ,66 (-4) ,69 (-1) ,0,269 (-11) ,  T6 ,  T2 ,  T1 ,2,    ,66,134,200,269, ,69,4,0,0
10/29/00,National Car at Disney ,3,63 (-9) ,67 (-5) ,66 (-6) ,69 (-3) ,0,265 (-23) ,  T1 ,2,2,3,    ,63,130,196,265, ,69,4,1,2
10/22/00,Presidents Cup , ,0,0,0,0,0,0,    ,    ,    ,    ,    , , , , , , ,0,0,0
9/10/00,Bell Canadian Open ,1,72 (E) ,65 (-7) ,64 (-8) ,65 (-7) ,0,266 (-22) , T45 ,  T7 ,  T1 ,1,    ,64,137,201,266, ,72,3,3,0
8/27/00,WGC-NEC Invitational ,1,64 (-6) ,61 (-9) ,67 (-3) ,67 (-3) ,0,259 (-21) ,1,1,1,1,    ,61,125,192,259, ,67,4,2,0
8/20/00,PGA Championship ,1,66 (-6) ,67 (-5) ,70 (-2) ,67 (-5) ,0,270 (-18) ,  T1 ,1,1,1,    ,66,133,203,270, ,70,3,0,0
8/13/00,Buick Open ,T11 ,70 (-2) ,70 (-2) ,67 (-5) ,68 (-4) ,0,275 (-13) , T31 , T29 , T14 , T11 ,    ,67,140,207,275, ,70,2,0,6
7/23/00,The Open Championship ,1,67 (-5) ,66 (-6) ,67 (-5) ,69 (-3) ,0,269 (-19) ,  T2 ,1,1,1,    ,66,133,200,269, ,69,4,0,0
7/9/00,Advil Western Open ,T23 ,70 (-2) ,69 (-3) ,70 (-2) ,72 (E) ,0,281 (-7) , T29 , T18 , T23 , T23 ,    ,69,139,209,281, ,72,1,0,6
6/18/00,U.S. Open Championship ,1,65 (-6) ,69 (-2) ,71 (E) ,67 (-4) ,0,272 (-12) ,1,1,1,1,    ,65,134,205,272, ,71,3,1,0
5/28/00,Memorial Tournament ,1,71 (-1) ,63 (-9) ,65 (-7) ,70 (-2) ,0,269 (-19) ,  T8 ,1,1,1,    ,63,134,199,269, ,71,2,2,0
5/14/00,GTE Byron Nelson Classic ,T4 ,73 (+3) ,67 (-3) ,67 (-3) ,63 (-7) ,0,270 (-10) , T75 , T38 , T12 ,  T4 ,    ,63,140,207,270, ,73,3,1,7
4/9/00,Masters Tournament ,5,75 (+3) ,72 (E) ,68 (-4) ,69 (-3) ,0,284 (-4) , T39 , T39 ,  T5 ,5,    ,68,147,215,284, ,75,2,0,6
3/26/00,THE PLAYERS Championship ,2,71 (-1) ,71 (-1) ,66 (-6) ,71 (-1) ,0,279 (-9) , T10 ,  T5 ,2,2,    ,66,142,208,279, ,71,1,0,1
3/19/00,Bay Hill Invitational ,1,69 (-3) ,64 (-8) ,67 (-5) ,70 (-2) ,0,270 (-18) ,  T3 ,1,1,1,    ,64,133,200,270, ,70,3,1,0
2/27/00,WGC-Accenture Match Play ,2,0,0,0,0,0,0,    ,    ,    ,    ,    , , , , , , ,0,0,999
2/20/00,Nissan Open ,T18 ,68 (-3) ,70 (-1) ,69 (-2) ,72 (+1) ,0,279 (-5) , T17 , T24 , T20 , T18 ,    ,68,138,207,279, ,72,2,0,3
2/13/00,Buick Invitational ,T2 ,71 (-1) ,68 (-4) ,67 (-5) ,68 (-4) ,0,274 (-14) , T43 , T22 ,  T4 ,  T2 ,    ,67,139,206,274, ,71,3,0,6
2/6/00,AT&T Pebble Beach ,1,68 (-4) ,73 (+1) ,68 (-4) ,64 (-8) ,0,273 (-15) ,  T4 , T13 ,  T8 ,1,    ,64,141,209,273, ,73,3,1,5
1/9/00,Mercedes Championships ,1,71 (-2) ,66 (-7) ,71 (-2) ,68 (-5) ,0,276 (-16) ,  T3 ,1,  T1 ,1,    ,66,137,208,276, ,71,2,0,0
1/2/00,(*) Williams World Challenge ,10,65 (-5) ,70 (E) ,71 (+1) ,76 (+6) ,0,282 (+2) ,  T1 ,3,  T3 ,10,    ,65,135,206,282, ,76,1,1,6
11/21/99,(*) The World Cup of Golf ,T1 ,67 (-4) ,68 (-3) ,63 (-8) ,65 (-6) ,0,263 (-21) ,2,  T1 ,1,1,    ,63,135,198,263, ,68,4,2,0
11/7/99,WGC-American Express ,1,71 (E) ,69 (-2) ,70 (-1) ,68 (-3) ,0,278 (-6) , T12 ,  T9 ,  T3 ,1,    ,68,140,210,278, ,71,2,0,1
10/31/99,THE TOUR Championship ,1,67 (-4) ,66 (-5) ,67 (-4) ,69 (-2) ,0,269 (-15) ,  T6 ,  T1 ,1,1,    ,66,133,200,269, ,69,4,0,0
10/24/99,National Car at Disney ,1,66 (-6) ,66 (-6) ,66 (-6) ,73 (+1) ,0,271 (-17) ,  T4 ,  T1 ,  T1 ,1,    ,66,132,198,271, ,73,3,0,0
9/26/99,(*) Ryder Cup , ,0,0,0,0,0,0,    ,    ,    ,    ,    , , , , , , ,0,0,0
8/29/99,WGC-NEC Invitational ,1,66 (-4) ,71 (+1) ,62 (-8) ,71 (+1) ,0,270 (-10) ,1,  T6 ,1,1,    ,62,137,199,270, ,71,2,1,0
8/22/99,Sprint International ,T37 ,0,0,0,0,0,0,    ,    ,    ,    ,    , , , , , , ,0,0,999
8/15/99,PGA Championship ,1,70 (-2) ,67 (-5) ,68 (-4) ,72 (E) ,0,277 (-11) , T10 ,3,  T1 ,1,    ,67,137,205,277, ,72,2,0,0
7/18/99,The Open Championship ,T7 ,74 (+3) ,72 (+1) ,74 (+3) ,74 (+3) ,0,294 (+10) , T11 ,  T4 ,  T4 ,  T7 ,    ,72,146,220,294, ,74,0,0,7
7/4/99,Motorola Western Open ,1,68 (-4) ,66 (-6) ,68 (-4) ,71 (-1) ,0,273 (-15) ,  T5 ,  T1 ,1,1,    ,66,134,202,273, ,71,3,0,0
6/20/99,U.S. Open Championship ,T3 ,68 (-2) ,71 (+1) ,72 (+2) ,70 (E) ,0,281 (+1) ,  T5 ,  T4 ,  T3 ,  T3 ,    ,68,139,211,281, ,72,1,0,2
6/6/99,Memorial Tournament ,1,68 (-4) ,66 (-6) ,70 (-2) ,69 (-3) ,0,273 (-15) ,  T5 ,1,1,1,    ,66,134,204,273, ,70,3,0,0
5/16/99,GTE Byron Nelson Classic ,T7 ,61 (-9) ,67 (-3) ,74 (+4) ,69 (-1) ,0,271 (-9) ,1,  T1 , T11 ,  T7 ,    ,61,128,202,271, ,74,3,1,8
4/18/99,MCI Classic ,T18 ,70 (-1) ,70 (-1) ,69 (-2) ,71 (E) ,0,280 (-4) , T36 , T29 , T24 , T18 ,    ,69,140,209,280, ,71,1,0,6
4/11/99,Masters Tournament ,T18 ,72 (E) ,72 (E) ,70 (-2) ,75 (+3) ,0,289 (+1) , T20 , T18 , T13 , T18 ,    ,70,144,214,289, ,75,0,0,5
3/28/99,THE PLAYERS Championship ,T10 ,70 (-2) ,71 (-1) ,75 (+3) ,75 (+3) ,0,291 (+3) ,  T6 ,  T7 ,  T7 , T10 ,    ,70,141,216,291, ,75,0,0,4
3/21/99,Bay Hill Invitational ,T56 ,74 (+2) ,72 (E) ,72 (E) ,72 (E) ,0,290 (+2) , T75 , T71 , T67 , T56 ,    ,72,146,218,290, ,74,0,0,16
2/28/99,WGC-Accenture Match Play ,T5 ,0,0,0,0,0,0,    ,    ,    ,    ,    , , , , , , ,0,0,999
2/21/99,Nissan Open ,T2 ,69 (-2) ,68 (-3) ,65 (-6) ,70 (-1) ,0,272 (-12) , T23 ,  T9 ,  T2 ,  T2 ,    ,65,137,202,272, ,70,3,1,2
2/14/99,Buick Invitational ,1,68 (-4) ,71 (-1) ,62 (-10) ,65 (-7) ,0,266 (-22) , T11 , T36 ,1,1,    ,62,139,201,266, ,71,3,2,0
2/7/99,AT&T Pebble Beach ,T53 ,72 (E) ,69 (-3) ,78 (+6) ,0,0,219 (+3) , T55 , T24 , T53 ,    ,    ,69,141,219, , ,78,1,0,8
1/31/99,Phoenix Open ,3,71 (E) ,67 (-4) ,70 (-1) ,68 (-3) ,0,276 (-8) , T17 ,2,2,3,    ,67,138,208,276, ,71,2,0,6
1/10/99,Mercedes Championships ,T5 ,69 (-4) ,69 (-4) ,67 (-6) ,72 (-1) ,0,277 (-15) , T10 , T12 ,  T4 ,  T5 ,    ,67,138,205,277, ,72,3,0,7
12/13/98,Presidents Cup , ,0,0,0,0,0,0,    ,    ,    ,    ,    , , , , , , ,0,0,999
11/19/98,(*) MasterCard PGA Grand Slam ,1,0,0,0,0,0,0,    ,    ,    ,    ,    , , , , , , ,0,0,0
11/1/98,THE TOUR Championship ,20,75 (+5) ,76 (+6) ,69 (-1) ,69 (-1) ,0,289 (+9) , T28 ,30, T26 ,20,    ,69,151,220,289, ,76,2,0,17
10/25/98,National Car at Disney ,T7 ,66 (-6) ,73 (+1) ,68 (-4) ,70 (-2) ,0,277 (-11) ,  T2 , T14 ,  T5 ,  T7 ,    ,66,139,207,277, ,73,2,0,5
8/30/98,NEC World Series of Golf ,T5 ,67 (-3) ,68 (-2) ,70 (E) ,70 (E) ,0,275 (-5) ,  T2 ,  T1 ,5,  T5 ,    ,67,135,205,275, ,70,2,0,4
8/23/98,Sprint International ,4,0,0,0,0,0,0,    ,    ,    ,    ,    , , , , , , ,0,0,999
8/16/98,PGA Championship ,T10 ,66 (-4) ,72 (+2) ,70 (E) ,71 (+1) ,0,279 (-1) ,1,  T5 ,  T6 , T10 ,    ,66,138,208,279, ,72,1,0,5
8/9/98,Buick Open ,T4 ,71 (-1) ,67 (-5) ,69 (-3) ,68 (-4) ,0,275 (-13) , T58 ,  T9 ,  T6 ,  T4 ,    ,67,138,207,275, ,71,3,0,3
7/19/98,The Open Championship ,3,65 (-5) ,73 (+3) ,77 (+7) ,66 (-4) ,0,281 (+1) ,  T1 ,  T2 ,  T6 ,3,    ,65,138,215,281, ,77,2,1,5
6/28/98,Motorola Western Open ,T9 ,76 (+4) ,67 (-5) ,69 (-3) ,69 (-3) ,0,281 (-7) , T95 , T28 , T14 ,  T9 ,    ,67,143,212,281, ,76,3,0,11
6/21/98,U.S. Open Championship ,T18 ,74 (+4) ,72 (+2) ,71 (+1) ,73 (+3) ,0,290 (+10) , T56 , T38 , T18 , T18 ,    ,71,146,217,290, ,74,0,0,10
5/31/98,Memorial Tournament ,T51 ,70 (-2) ,74 (+2) ,71 (-1) ,73 (+1) ,0,288 (E) , T27 , T51 , T57 , T51 ,    ,70,144,215,288, ,74,0,0,13
5/17/98,GTE Byron Nelson Golf Cla ,T12 ,65 (-5) ,71 (+1) ,69 (-1) ,67 (-3) ,0,272 (-8) ,  T4 , T16 , T18 , T12 ,    ,65,136,205,272, ,71,3,1,9
5/10/98,BellSouth Classic ,1,69 (-3) ,67 (-5) ,63 (-9) ,72 (E) ,0,271 (-17) , T18 ,  T3 ,1,1,    ,63,136,199,271, ,72,3,1,0
4/12/98,Masters Tournament ,T8 ,71 (-1) ,72 (E) ,72 (E) ,70 (-2) ,0,285 (-3) ,  T5 ,  T4 , T10 ,  T8 ,    ,70,143,215,285, ,72,0,0,5
3/29/98,THE PLAYERS Championship ,T35 ,72 (E) ,73 (+1) ,73 (+1) ,72 (E) ,0,290 (+2) , T44 , T49 , T49 , T35 ,    ,72,145,218,290, ,73,0,0,12
3/22/98,Bay Hill Invitational ,T13 ,64 (-8) ,70 (-2) ,73 (+1) ,77 (+5) ,0,284 (-4) ,1,  T1 ,  T2 , T13 ,    ,64,134,207,284, ,77,1,1,6
3/8/98,Doral-Ryder Open ,T9 ,70 (-2) ,69 (-3) ,71 (-1) ,73 (+1) ,0,283 (-5) , T11 ,  T7 ,  T3 ,  T9 ,    ,69,139,210,283, ,73,1,0,3
3/1/98,Nissan Open ,2,68 (-3) ,73 (+2) ,65 (-6) ,66 (-5) ,0,272 (-12) ,  T8 , T15 ,  T3 ,2,    ,65,141,206,272, ,73,3,1,2
2/8/98,Buick Invitational ,T3 ,71 (-1) ,66 (-6) ,68 (-4) ,0,0,205 (-11) , T79 , T14 ,  T3 ,    ,    ,66,137,205, , ,71,2,0,5
2/1/98,AT&T Pebble Beach ,W/D ,76 (+4) ,72 (E) ,0,0,0,148 (+4) ,T150 ,T143 , W/D ,    ,    ,72,148, , , ,76,0,0,999
1/11/98,Mercedes Championships ,T2 ,72 (E) ,67 (-5) ,69 (-3) ,64 (-8) ,0,272 (-16) , T20 ,9,  T7 ,  T2 ,    ,64,139,208,272, ,72,3,1,5
11/30/97,(*) Skins Game ,3,0,0,0,0,0,0,    ,    ,    ,    ,    , , , , , , ,0,0,0
11/18/97,(*) MasterCard PGA Grand Slam ,2,66,70,0,0,0,136,1,2,    ,    ,    ,66,136, , , ,70,1,0,0
11/2/97,THE TOUR Championship ,T12 ,69 (-2) ,68 (-3) ,75 (+4) ,69 (-2) ,0,281 (-3) , T10 ,  T7 ,19, T12 ,    ,68,137,212,281, ,75,3,0,7
10/26/97,Las Vegas Invitational ,T36 ,68 (-4) ,64 (-8) ,77 (+5) ,71 (-1) ,75 (+3) ,355 (-5) , T45 , T10 , T28 , T15 , T36 ,64,132,209,280,355,77,2,1,8
10/19/97,Walt Disney World/Oldsmob ,T26 ,66 (-6) ,71 (-1) ,70 (-2) ,71 (-1) ,0,278 (-10) ,  T4 , T24 , T31 , T26 ,    ,66,137,207,278, ,71,1,0,9
9/28/97,(*) Ryder Cup , ,0,0,0,0,0,0,    ,    ,    ,    ,    , , , , , , ,0,0,999
9/7/97,Bell Canadian Open ,CUT ,70 (E) ,76 (+6) ,0,0,0,146 (+6) , T22 , T75 , CUT , CUT ,    ,70,146, , , ,76,0,0,999
8/24/97,NEC World Series of Golf ,T3 ,67 (-3) ,72 (+2) ,69 (-1) ,70 (E) ,0,278 (-2) ,  T1 ,  T5 ,  T5 ,  T3 ,    ,67,139,208,278, ,72,2,0,4
8/17/97,PGA Championship ,T29 ,70 (E) ,70 (E) ,71 (+1) ,75 (+5) ,0,286 (+6) , T23 , T16 ,  T5 , T29 ,    ,70,140,211,286, ,75,0,0,8
8/10/97,Buick Open ,T8 ,72 (E) ,68 (-4) ,70 (-2) ,68 (-4) ,0,278 (-82) , T70 , T22 , T18 ,  T8 ,    ,68,140,210,278, ,72,2,0,7
7/20/97,The Open Championship ,T24 ,72 (+1) ,74 (+3) ,64 (-7) ,74 (+3) ,0,284 (E) , T17 , T49 ,  T8 , T24 ,    ,64,146,210,284, ,74,1,1,8
7/6/97,Motorola Western Open ,1,67 (-5) ,72 (E) ,68 (-4) ,68 (-4) ,0,275 (-13) ,  T2 ,  T7 ,  T1 ,1,    ,67,139,207,275, ,72,3,0,0
6/22/97,Buick Classic ,T43 ,72 (+1) ,72 (+1) ,71 (E) ,72 (+1) ,0,287 (+3) , T53 , T51 , T45 , T43 ,    ,71,144,215,287, ,72,0,0,16
6/15/97,U.S. Open Championship ,T19 ,74 (+4) ,67 (-3) ,73 (+3) ,72 (+2) ,0,286 (+6) , T80 ,  T9 , T21 , T19 ,    ,67,141,214,286, ,74,1,0,9
6/1/97,Memorial Tournament ,T67 ,72 (E) ,75 (+3) ,74 (+2) ,0,0,221 (+5) , T34 , T69 , T67 ,    ,    ,72,147,221, , ,75,0,0,15
5/25/97,MasterCard Colonial ,T4 ,67 (-3) ,65 (-5) ,64 (-6) ,72 (+2) ,0,268 (-12) , T14 ,  T7 ,2,  T4 ,    ,64,132,196,268, ,72,3,2,1
5/18/97,GTE Byron Nelson Golf Cla ,1,64 (-6) ,64 (-6) ,67 (-3) ,68 (-2) ,0,263 (-17) ,  T2 ,  T1 ,1,1,    ,64,128,195,263, ,68,4,2,0
4/13/97,Masters Tournament ,1,70 (-2) ,66 (-6) ,65 (-7) ,69 (-3) ,0,270 (-18) ,4,1,1,1,    ,65,136,201,270, ,70,3,1,0
3/30/97,THE PLAYERS Championship ,T31 ,71 (-1) ,73 (+1) ,72 (E) ,73 (+1) ,0,289 (+1) , T32 , T50 , T37 , T31 ,    ,71,144,216,289, ,73,0,0,13
3/23/97,Bay Hill Invitational ,T9 ,68 (-4) ,71 (-1) ,71 (-1) ,68 (-4) ,0,278 (-10) ,  T2 , T11 , T14 ,  T9 ,    ,68,139,210,278, ,71,2,0,5
3/2/97,Nissan Open ,T20 ,70 (-1) ,70 (-1) ,72 (+1) ,69 (-2) ,0,281 (-3) , T30 , T20 , T29 , T20 ,    ,69,140,212,281, ,72,1,0,8
2/2/97,AT&T Pebble Beach ,T2 ,70 (-2) ,72 (E) ,63 (-9) ,64 (-8) ,0,269 (-19) , T46 , T67 ,  T5 ,  T2 ,    ,63,142,205,269, ,72,2,2,7
1/26/97,Phoenix Open ,T18 ,68 (-3) ,68 (-3) ,67 (-4) ,72 (+1) ,0,275 (-9) , T16 , T12 , T13 , T18 ,    ,67,136,203,275, ,72,3,0,12
1/12/97,Mercedes Championships ,1,70 (-2) ,67 (-5) ,65 (-7) ,0,0,202 (-14) ,  T7 ,  T3 ,1,    ,    ,65,137,202, , ,70,2,1,4
12/8/96,(*) JCPenney Classic ,T2 ,66 (-5) ,64 (-7) ,68 (-3) ,0,0,198 (-15) , T10 ,3,  T2 ,    ,    ,64,130,198, , ,68,3,1,1
12/1/96,(*) Skins Game ,3,0,0,0,0,0,0,    ,    ,    ,    ,    , , , , , , ,0,0,0
10/27/96,THE TOUR Championship ,T21 ,70 (E) ,78 (+8) ,72 (+2) ,68 (-2) ,0,288 (+8) ,  T8 , T25 ,24, T21 ,    ,68,148,220,288, ,78,1,0,23
10/20/96,Walt Disney World/Oldsmob ,1,69 (-3) ,63 (-9) ,69 (-3) ,66 (-6) ,0,267 (-21) , T58 ,  T5 ,  T4 ,1,    ,63,132,201,267, ,69,4,1,1
10/13/96,LaCantera Texas Open ,3,69 (-3) ,68 (-4) ,73 (+1) ,67 (-5) ,0,277 (-11) , T10 ,  T3 ,  T9 ,3,    ,67,137,210,277, ,73,3,0,7
10/6/96,Las Vegas Invitational ,1,70 (-1) ,63 (-9) ,68 (-4) ,67 (-5) ,64 (-8) ,332 (-27) , T97 , T11 ,  T8 ,  T7 ,1,63,133,201,268,332,70,4,2,4
9/22/96,B.C. Open ,T3 ,68 (-3) ,66 (-5) ,66 (-5) ,0,0,200 (-13) ,  T8 ,  T2 ,  T3 ,    ,    ,66,134,200, , ,68,3,0,3
9/15/96,Quad City Classic ,T5 ,69 (-1) ,64 (-6) ,67 (-3) ,72 (+2) ,0,272 (-8) , T28 ,1,1,  T5 ,    ,64,133,200,272, ,72,3,1,0
9/8/96,Bell Canadian Open ,11,70 (-2) ,70 (-2) ,68 (-4) ,0,0,208 (-8) , T33 , T25 ,11,    ,    ,68,140,208, , ,70,1,0,11
9/1/96,Greater Milwaukee Open ,T60 ,67 (-4) ,69 (-2) ,73 (+2) ,68 (-3) ,0,277 (-7) , T14 , T30 , T70 , T60 ,    ,67,136,209,277, ,73,3,0,15
7/21/96,The Open Championship ,T22 ,75 (+4) ,66 (-5) ,70 (-1) ,70 (-1) ,0,281 (-3) ,T124 , T35 , T29 , T22 ,    ,66,141,211,281, ,75,1,0,13
6/16/96,U.S. Open Championship ,T82 ,76 (+6) ,69 (-1) ,77 (+7) ,72 (+2) ,0,294 (+14) ,T115 , T56 , T95 , T82 ,    ,69,145,222,294, ,77,1,0,14
4/14/96,Masters Tournament ,CUT ,75 (+3) ,75 (+3) ,0,0,0,150 (+6) , T57 , T60 , CUT , CUT ,    ,75,150, , , ,75,0,0,999
7/23/95,The Open Championship ,T68 ,74 (+2) ,71 (-1) ,72 (E) ,78 (+6) ,0,295 (+7) ,T100 , T56 , T39 , T68 ,    ,71,145,217,295, ,78,0,0,10
7/9/95,Motorola Western Open ,T57 ,74 (+2) ,71 (-1) ,77 (+5) ,69 (-3) ,0,291 (+3) , T47 , T37 , T67 , T57 ,    ,69,145,222,291, ,77,1,0,13
6/18/95,U.S. Open Championship ,W/D ,74 (+4) ,85 (+15) (pr) ,0,0,0,159 (+19) , T83 ,T150 , W/D , W/D ,    ,74,159, , , ,85,0,0,999
4/9/95,Masters Tournament ,T41 ,72 (E) ,72 (E) ,77 (+5) ,72 (E) ,0,293 (+5) , T34 , T38 , T46 , T41 ,    ,72,144,221,293, ,77,0,0,15
7/3/94,Motorola Western Open ,CUT ,74 (+2) ,75 (+3) ,0,0,0,149 (+5) ,T118 ,T127 , CUT , CUT ,    ,74,149, , , ,75,0,0,999
6/12/94,Buick Classic ,CUT ,75 (+4) ,70 (-1) ,0,0,0,145 (+3) ,T111 , T71 , CUT , CUT ,    ,70,145, , , ,75,0,0,999
3/20/94,Nestle Invitational ,CUT ,80 (+8) ,77 (+5) ,0,0,0,157 (+13) ,T120 ,T120 , CUT , CUT ,    ,77,157, , , ,80,0,0,999
5/16/93,GTE Byron Nelson Golf Cla ,CUT ,77 (+7) ,72 (+2) ,0,0,0,149 (+9) ,T141 ,T139 , CUT , CUT ,    ,72,149, , , ,77,0,0,999
3/14/93,Honda Classic ,CUT ,72 (E) ,78 (+6) ,0,0,0,150 (+6) , T73 ,T116 , CUT ,    ,    ,72,150, , , ,78,0,0,999
2/28/93,Nissan L. A. Open ,CUT ,74 (+3) ,78 (+7) ,0,0,0,152 (+10) , T93 ,T133 , CUT ,    ,    ,74,152, , , ,78,0,0,999
3/1/92,Nissan Los Angeles Open ,CUT ,72 (+1) ,75 (+4) ,0,0,0,147 (+5) , T89 ,T124 , CUT , CUT ,    ,72,147, , , ,75,0,0,999